"id","name","productCode","img","imgList","category","price","stock","status","costPerItem","bulkDiscountPrice","taxRate","tags","brand","vendor","active","sales","salesPercentage","description"
"12","Flörven","098327NT","/img/products/product-1.jpg","[object Object],[object Object],[object Object],[object Object]","chairs","252","46","0","12","68","6","trend,unisex","Luminaire","Acme co, Ltd","true","387","95","<p>Make a brew a right royal knees up and we all like figgy pudding a comely wench gutted its nicked pulled out the eating irons, ask your mother if on goggle box toad in the whole Sherlock rather, ar kid pennyboy naff superb pezzy little. </p><ul><li>Scally utter shambles blighty squirrel numbskull rumpy pumpy apple and pears bow ties are cool</li><li>pompous nosh have a butcher at this flabbergasted a right toff black cab jolly good made a pigs ear of it</li><li>Roast beef conked him one on the nose had a barney with the inlaws beefeater is she avin a laugh supper, gobsmacked argy-bargy challenge you to a duel</li><li>whizz air one dirty linen chav not some sort of dosshouse.</li></ul>"
"13","Snövalla","098359NT","/img/products/product-2.jpg","[object Object]","lamps","139","28","0","12","68","6","trend,unisex","Adidas","Acme co, Ltd","true","892","78","<p>Make a brew a right royal knees up and we all like figgy pudding a comely wench gutted its nicked pulled out the eating irons, ask your mother if on goggle box toad in the whole Sherlock rather, ar kid pennyboy naff superb pezzy little. </p><ul><li>Scally utter shambles blighty squirrel numbskull rumpy pumpy apple and pears bow ties are cool</li><li>pompous nosh have a butcher at this flabbergasted a right toff black cab jolly good made a pigs ear of it</li><li>Roast beef conked him one on the nose had a barney with the inlaws beefeater is she avin a laugh supper, gobsmacked argy-bargy challenge you to a duel</li><li>whizz air one dirty linen chav not some sort of dosshouse.</li></ul>"
"14","Echoes Necklace","098383NT","/img/products/product-3.jpg","[object Object]","accessories","99","52","0","12","68","6","trend,unisex","Adidas","Acme co, Ltd","true","1145","19","<p>Make a brew a right royal knees up and we all like figgy pudding a comely wench gutted its nicked pulled out the eating irons, ask your mother if on goggle box toad in the whole Sherlock rather, ar kid pennyboy naff superb pezzy little. </p><ul><li>Scally utter shambles blighty squirrel numbskull rumpy pumpy apple and pears bow ties are cool</li><li>pompous nosh have a butcher at this flabbergasted a right toff black cab jolly good made a pigs ear of it</li><li>Roast beef conked him one on the nose had a barney with the inlaws beefeater is she avin a laugh supper, gobsmacked argy-bargy challenge you to a duel</li><li>whizz air one dirty linen chav not some sort of dosshouse.</li></ul>"
"15","Lömnäs","098342NT","/img/products/product-4.jpg","[object Object]","lamps","68","92","0","12","68","6","trend,unisex","Adidas","Acme co, Ltd","true","651","82","<p>Make a brew a right royal knees up and we all like figgy pudding a comely wench gutted its nicked pulled out the eating irons, ask your mother if on goggle box toad in the whole Sherlock rather, ar kid pennyboy naff superb pezzy little. </p><ul><li>Scally utter shambles blighty squirrel numbskull rumpy pumpy apple and pears bow ties are cool</li><li>pompous nosh have a butcher at this flabbergasted a right toff black cab jolly good made a pigs ear of it</li><li>Roast beef conked him one on the nose had a barney with the inlaws beefeater is she avin a laugh supper, gobsmacked argy-bargy challenge you to a duel</li><li>whizz air one dirty linen chav not some sort of dosshouse.</li></ul>"
"16","Kallaxa","098371NT","/img/products/product-5.jpg","[object Object]","lamps","70","119","2","12","68","6","trend,unisex","Adidas","Acme co, Ltd","true","234","33","<p>Make a brew a right royal knees up and we all like figgy pudding a comely wench gutted its nicked pulled out the eating irons, ask your mother if on goggle box toad in the whole Sherlock rather, ar kid pennyboy naff superb pezzy little. </p><ul><li>Scally utter shambles blighty squirrel numbskull rumpy pumpy apple and pears bow ties are cool</li><li>pompous nosh have a butcher at this flabbergasted a right toff black cab jolly good made a pigs ear of it</li><li>Roast beef conked him one on the nose had a barney with the inlaws beefeater is she avin a laugh supper, gobsmacked argy-bargy challenge you to a duel</li><li>whizz air one dirty linen chav not some sort of dosshouse.</li></ul>"
"17","Ringed Earring","098314NT","/img/products/product-6.jpg","[object Object]","accessories","29","18","0","12","68","6","trend,unisex","Adidas","Acme co, Ltd","true","1201","76","<p>Make a brew a right royal knees up and we all like figgy pudding a comely wench gutted its nicked pulled out the eating irons, ask your mother if on goggle box toad in the whole Sherlock rather, ar kid pennyboy naff superb pezzy little. </p><ul><li>Scally utter shambles blighty squirrel numbskull rumpy pumpy apple and pears bow ties are cool</li><li>pompous nosh have a butcher at this flabbergasted a right toff black cab jolly good made a pigs ear of it</li><li>Roast beef conked him one on the nose had a barney with the inlaws beefeater is she avin a laugh supper, gobsmacked argy-bargy challenge you to a duel</li><li>whizz air one dirty linen chav not some sort of dosshouse.</li></ul>"
"18","Maneki Neko Poster","098336NT","/img/products/product-7.jpg","[object Object]","art","389","7","1","12","68","6","trend,unisex","Picasso","Acme co, Ltd","false","49","56","<p>Make a brew a right royal knees up and we all like figgy pudding a comely wench gutted its nicked pulled out the eating irons, ask your mother if on goggle box toad in the whole Sherlock rather, ar kid pennyboy naff superb pezzy little. </p><ul><li>Scally utter shambles blighty squirrel numbskull rumpy pumpy apple and pears bow ties are cool</li><li>pompous nosh have a butcher at this flabbergasted a right toff black cab jolly good made a pigs ear of it</li><li>Roast beef conked him one on the nose had a barney with the inlaws beefeater is she avin a laugh supper, gobsmacked argy-bargy challenge you to a duel</li><li>whizz air one dirty linen chav not some sort of dosshouse.</li></ul>"
"19","Ektöra","098368NT","/img/products/product-8.jpg","[object Object]","chairs","869","30","2","12","68","6","trend,unisex","Ikea","Acme co, Ltd","true","978","89","<p>Make a brew a right royal knees up and we all like figgy pudding a comely wench gutted its nicked pulled out the eating irons, ask your mother if on goggle box toad in the whole Sherlock rather, ar kid pennyboy naff superb pezzy little. </p><ul><li>Scally utter shambles blighty squirrel numbskull rumpy pumpy apple and pears bow ties are cool</li><li>pompous nosh have a butcher at this flabbergasted a right toff black cab jolly good made a pigs ear of it</li><li>Roast beef conked him one on the nose had a barney with the inlaws beefeater is she avin a laugh supper, gobsmacked argy-bargy challenge you to a duel</li><li>whizz air one dirty linen chav not some sort of dosshouse.</li></ul>"
"20","Spiky Ring","098392NT","/img/products/product-9.jpg","[object Object]","accessories","1599","27","0","12","68","6","trend,unisex","Apple","Acme co, Ltd","true","573","42","<p>Make a brew a right royal knees up and we all like figgy pudding a comely wench gutted its nicked pulled out the eating irons, ask your mother if on goggle box toad in the whole Sherlock rather, ar kid pennyboy naff superb pezzy little. </p><ul><li>Scally utter shambles blighty squirrel numbskull rumpy pumpy apple and pears bow ties are cool</li><li>pompous nosh have a butcher at this flabbergasted a right toff black cab jolly good made a pigs ear of it</li><li>Roast beef conked him one on the nose had a barney with the inlaws beefeater is she avin a laugh supper, gobsmacked argy-bargy challenge you to a duel</li><li>whizz air one dirty linen chav not some sort of dosshouse.</li></ul>"
"21","Pastel Petals Poster","098355NT","/img/products/product-10.jpg","[object Object]","art","729","6","1","12","68","6","trend,unisex","Vincent","Acme co, Ltd","true","1322","92","<p>Make a brew a right royal knees up and we all like figgy pudding a comely wench gutted its nicked pulled out the eating irons, ask your mother if on goggle box toad in the whole Sherlock rather, ar kid pennyboy naff superb pezzy little. </p><ul><li>Scally utter shambles blighty squirrel numbskull rumpy pumpy apple and pears bow ties are cool</li><li>pompous nosh have a butcher at this flabbergasted a right toff black cab jolly good made a pigs ear of it</li><li>Roast beef conked him one on the nose had a barney with the inlaws beefeater is she avin a laugh supper, gobsmacked argy-bargy challenge you to a duel</li><li>whizz air one dirty linen chav not some sort of dosshouse.</li></ul>"